101,1,Speed,A Spark that increases Speed.
201,1,Stamina,A Spark that increases Stamina.
301,1,Power,A Spark that increases Power.
401,1,Guts,A Spark that increases Guts.
501,1,Wit,A Spark that increases Wit.
1101,2,Turf,A Spark that increases Turf Aptitude.
1201,2,Dirt,A Spark that increases Dirt Aptitude.
2101,2,Front Runner,A Spark that increases Front Runner Aptitude.
2201,2,Pace Chaser,A Spark that increases Pace Chaser Aptitude.
2301,2,Late Surger,A Spark that increases Late Surger Aptitude.
2401,2,End Closer,A Spark that increases End Closer Aptitude.
3101,2,Sprint,A Spark that increases Sprint-Distance Aptitude.
3201,2,Mile,A Spark that increases Mile-Distance Aptitude.
3301,2,Medium,A Spark that increases Medium-Distance Aptitude.
3401,2,Long,A Spark that increases Long-Distance Aptitude.
10010101,3,Shooting Star,"A Spark that gives a skill hint for ""Shooting Star""."
10020101,3,The View from the Lead Is Mine!,"A Spark that gives a skill hint for ""The View from the Lead Is Mine!""."
10030101,3,Sky-High Teio Step,"A Spark that gives a skill hint for ""Sky-High Teio Step""."
10040101,3,Red Shift/LP1211-M,"A Spark that gives a skill hint for ""Red Shift/LP1211-M""."
10060101,3,Triumphant Pulse,"A Spark that gives a skill hint for ""Triumphant Pulse""."
10070101,3,Anchors Aweigh!,"A Spark that gives a skill hint for ""Anchors Aweigh!""."
10080101,3,Cut and Drive!,"A Spark that gives a skill hint for ""Cut and Drive!""."
10090101,3,Resplendent Red Ace,"A Spark that gives a skill hint for ""Resplendent Red Ace""."
10100101,3,Shooting for Victory!,"A Spark that gives a skill hint for ""Shooting for Victory!""."
10110101,3,"Where There's a Will, There's a Way","A Spark that gives a skill hint for ""Where There's a Will, There's a Way""."
10130101,3,The Duty of Dignity Calls,"A Spark that gives a skill hint for ""The Duty of Dignity Calls""."
10140101,3,Victoria por plancha ☆,"A Spark that gives a skill hint for ""Victoria por plancha ☆""."
10150101,3,This Dance Is for Vittoria!,"A Spark that gives a skill hint for ""This Dance Is for Vittoria!""."
10170101,3,Behold Thine Emperor's Divine Might,"A Spark that gives a skill hint for ""Behold Thine Emperor's Divine Might""."
10180101,3,Blazing Pride,"A Spark that gives a skill hint for ""Blazing Pride""."
10240101,3,Flashy☆Landing,"A Spark that gives a skill hint for ""Flashy☆Landing""."
10270101,3,Let's Pump Some Iron!,"A Spark that gives a skill hint for ""Let's Pump Some Iron!""."
10300101,3,Blue Rose Closer,"A Spark that gives a skill hint for ""Blue Rose Closer""."
10320101,3,U=ma2,"A Spark that gives a skill hint for ""U=ma2""."
10350101,3,Our Ticket to Win!,"A Spark that gives a skill hint for ""Our Ticket to Win!""."
10410101,3,Genius x Bakushin = Victory,"A Spark that gives a skill hint for ""Genius x Bakushin = Victory""."
10450101,3,Pure Heart,"A Spark that gives a skill hint for ""Pure Heart""."
10520101,3,Super-Duper Climax,"A Spark that gives a skill hint for ""Super-Duper Climax""."
10560101,3,I See Victory in My Future!,"A Spark that gives a skill hint for ""I See Victory in My Future!""."
10600101,3,Just a Little Farther!,"A Spark that gives a skill hint for ""Just a Little Farther!""."
10610101,3,Prideful King,"A Spark that gives a skill hint for ""Prideful King""."
2000101,4,Right-Handed ○,"A Spark that gives a skill hint for ""Right-Handed ○""."
2000201,4,Left-Handed ○,"A Spark that gives a skill hint for ""Left-Handed ○""."
2000301,4,Tokyo Racecourse ○,"A Spark that gives a skill hint for ""Tokyo Racecourse ○""."
2000401,4,Nakayama Racecourse ○,"A Spark that gives a skill hint for ""Nakayama Racecourse ○""."
2000501,4,Hanshin Racecourse ○,"A Spark that gives a skill hint for ""Hanshin Racecourse ○""."
2000601,4,Kyoto Racecourse ○,"A Spark that gives a skill hint for ""Kyoto Racecourse ○""."
2000701,4,Chukyo Racecourse ○,"A Spark that gives a skill hint for ""Chukyo Racecourse ○""."
2000801,4,Sapporo Racecourse ○,"A Spark that gives a skill hint for ""Sapporo Racecourse ○""."
2000901,4,Hakodate Racecourse ○,"A Spark that gives a skill hint for ""Hakodate Racecourse ○""."
2001001,4,Fukushima Racecourse ○,"A Spark that gives a skill hint for ""Fukushima Racecourse ○""."
2001101,4,Niigata Racecourse ○,"A Spark that gives a skill hint for ""Niigata Racecourse ○""."
2001201,4,Kokura Racecourse ○,"A Spark that gives a skill hint for ""Kokura Racecourse ○""."
2001301,4,Standard Distance ○,"A Spark that gives a skill hint for ""Standard Distance ○""."
2001401,4,Non-Standard Distance ○,"A Spark that gives a skill hint for ""Non-Standard Distance ○""."
2001501,4,Firm Conditions ○,"A Spark that gives a skill hint for ""Firm Conditions ○""."
2001601,4,Wet Conditions ○,"A Spark that gives a skill hint for ""Wet Conditions ○""."
2001701,4,Spring Runner ○,"A Spark that gives a skill hint for ""Spring Runner ○""."
2001801,4,Summer Runner ○,"A Spark that gives a skill hint for ""Summer Runner ○""."
2001901,4,Fall Runner ○,"A Spark that gives a skill hint for ""Fall Runner ○""."
2002001,4,Winter Runner ○,"A Spark that gives a skill hint for ""Winter Runner ○""."
2002101,4,Sunny Days ○,"A Spark that gives a skill hint for ""Sunny Days ○""."
2002201,4,Cloudy Days ○,"A Spark that gives a skill hint for ""Cloudy Days ○""."
2002301,4,Rainy Days ○,"A Spark that gives a skill hint for ""Rainy Days ○""."
2002401,4,Snowy Days ○,"A Spark that gives a skill hint for ""Snowy Days ○""."
2002501,4,Inner Post Proficiency ○,"A Spark that gives a skill hint for ""Inner Post Proficiency ○""."
2002601,4,Outer Post Proficiency ○,"A Spark that gives a skill hint for ""Outer Post Proficiency ○""."
2002701,4,Maverick ○,"A Spark that gives a skill hint for ""Maverick ○""."
2002801,4,Competitive Spirit ○,"A Spark that gives a skill hint for ""Competitive Spirit ○""."
2002901,4,Target in Sight ○,"A Spark that gives a skill hint for ""Target in Sight ○""."
2003001,4,Long Shot ○,"A Spark that gives a skill hint for ""Long Shot ○""."
2003301,4,Corner Adept ○,"A Spark that gives a skill hint for ""Corner Adept ○""."
2003401,4,Corner Acceleration ○,"A Spark that gives a skill hint for ""Corner Acceleration ○""."
2003501,4,Corner Recovery ○,"A Spark that gives a skill hint for ""Corner Recovery ○""."
2003601,4,Straightaway Adept,"A Spark that gives a skill hint for ""Straightaway Adept""."
2003701,4,Straightaway Acceleration,"A Spark that gives a skill hint for ""Straightaway Acceleration""."
2003801,4,Straightaway Recovery,"A Spark that gives a skill hint for ""Straightaway Recovery""."
2004301,4,Focus,"A Spark that gives a skill hint for ""Focus""."
2004401,4,Lay Low,"A Spark that gives a skill hint for ""Lay Low""."
2004501,4,Prudent Positioning,"A Spark that gives a skill hint for ""Prudent Positioning""."
2004601,4,Ramp Up,"A Spark that gives a skill hint for ""Ramp Up""."
2004701,4,Pace Strategy,"A Spark that gives a skill hint for ""Pace Strategy""."
2004801,4,Calm in a Crowd,"A Spark that gives a skill hint for ""Calm in a Crowd""."
2004901,4,Nimble Navigator,"A Spark that gives a skill hint for ""Nimble Navigator""."
2005001,4,Go with the Flow,"A Spark that gives a skill hint for ""Go with the Flow""."
2005101,4,Homestretch Haste,"A Spark that gives a skill hint for ""Homestretch Haste""."
2005301,4,Early Lead,"A Spark that gives a skill hint for ""Early Lead""."
2005401,4,Fast-Paced,"A Spark that gives a skill hint for ""Fast-Paced""."
2005501,4,Final Push,"A Spark that gives a skill hint for ""Final Push""."
2005601,4,Stamina to Spare,"A Spark that gives a skill hint for ""Stamina to Spare""."
2005701,4,Preferred Position,"A Spark that gives a skill hint for ""Preferred Position""."
2005801,4,Prepared to Pass,"A Spark that gives a skill hint for ""Prepared to Pass""."
2005901,4,Position Pilfer,"A Spark that gives a skill hint for ""Position Pilfer""."
2006001,4,Slick Surge,"A Spark that gives a skill hint for ""Slick Surge""."
2006101,4,Outer Swell,"A Spark that gives a skill hint for ""Outer Swell""."
2006201,4,Standing By,"A Spark that gives a skill hint for ""Standing By""."
2006301,4,Masterful Gambit,"A Spark that gives a skill hint for ""Masterful Gambit""."
2006401,4,Straightaway Spurt,"A Spark that gives a skill hint for ""Straightaway Spurt""."
2006501,4,Sprinting Gear,"A Spark that gives a skill hint for ""Sprinting Gear""."
2006601,4,Wait-and-See,"A Spark that gives a skill hint for ""Wait-and-See""."
2006701,4,Gap Closer,"A Spark that gives a skill hint for ""Gap Closer""."
2006801,4,Productive Plan,"A Spark that gives a skill hint for ""Productive Plan""."
2006901,4,Watchful Eye,"A Spark that gives a skill hint for ""Watchful Eye""."
2007001,4,Updrafters,"A Spark that gives a skill hint for ""Updrafters""."
2007101,4,Rosy Outlook,"A Spark that gives a skill hint for ""Rosy Outlook""."
2007201,4,Up-Tempo,"A Spark that gives a skill hint for ""Up-Tempo""."
2007301,4,Steadfast,"A Spark that gives a skill hint for ""Steadfast""."
2007401,4,Deep Breaths,"A Spark that gives a skill hint for ""Deep Breaths""."
2007501,4,Inside Scoop,"A Spark that gives a skill hint for ""Inside Scoop""."
2007601,4,Extra Tank,"A Spark that gives a skill hint for ""Extra Tank""."
2007701,4,Trick (Front),"A Spark that gives a skill hint for ""Trick (Front)""."
2007801,4,Trick (Rear),"A Spark that gives a skill hint for ""Trick (Rear)""."
2007901,4,Frenzied Front Runners,"A Spark that gives a skill hint for ""Frenzied Front Runners""."
2008001,4,Frenzied Pace Chasers,"A Spark that gives a skill hint for ""Frenzied Pace Chasers""."
2008101,4,Frenzied Late Surgers,"A Spark that gives a skill hint for ""Frenzied Late Surgers""."
2008201,4,Frenzied End Closers,"A Spark that gives a skill hint for ""Frenzied End Closers""."
2008301,4,Subdued Front Runners,"A Spark that gives a skill hint for ""Subdued Front Runners""."
2008401,4,Flustered Front Runners,"A Spark that gives a skill hint for ""Flustered Front Runners""."
2008501,4,Hesitant Front Runners,"A Spark that gives a skill hint for ""Hesitant Front Runners""."
2008601,4,Subdued Pace Chasers,"A Spark that gives a skill hint for ""Subdued Pace Chasers""."
2008701,4,Flustered Pace Chasers,"A Spark that gives a skill hint for ""Flustered Pace Chasers""."
2008801,4,Hesitant Pace Chasers,"A Spark that gives a skill hint for ""Hesitant Pace Chasers""."
2008901,4,Subdued Late Surgers,"A Spark that gives a skill hint for ""Subdued Late Surgers""."
2009001,4,Flustered Late Surgers,"A Spark that gives a skill hint for ""Flustered Late Surgers""."
2009101,4,Hesitant Late Surgers,"A Spark that gives a skill hint for ""Hesitant Late Surgers""."
2009201,4,Subdued End Closers,"A Spark that gives a skill hint for ""Subdued End Closers""."
2009301,4,Flustered End Closers,"A Spark that gives a skill hint for ""Flustered End Closers""."
2009401,4,Hesitant End Closers,"A Spark that gives a skill hint for ""Hesitant End Closers""."
2009501,4,Oi Racecourse ○,"A Spark that gives a skill hint for ""Oi Racecourse ○""."
2009601,4,Sprint Straightaways ○,"A Spark that gives a skill hint for ""Sprint Straightaways ○""."
2009701,4,Sprint Corners ○,"A Spark that gives a skill hint for ""Sprint Corners ○""."
2009801,4,Huge Lead,"A Spark that gives a skill hint for ""Huge Lead""."
2009901,4,Countermeasure,"A Spark that gives a skill hint for ""Countermeasure""."
2010001,4,Meticulous Measures,"A Spark that gives a skill hint for ""Meticulous Measures""."
2010101,4,Intimidate,"A Spark that gives a skill hint for ""Intimidate""."
2010201,4,Stop Right There!,"A Spark that gives a skill hint for ""Stop Right There!""."
2010301,4,Mile Straightaways ○,"A Spark that gives a skill hint for ""Mile Straightaways ○""."
2010401,4,Mile Corners ○,"A Spark that gives a skill hint for ""Mile Corners ○""."
2010501,4,Shifting Gears,"A Spark that gives a skill hint for ""Shifting Gears""."
2010601,4,Acceleration,"A Spark that gives a skill hint for ""Acceleration""."
2010701,4,Unyielding Spirit,"A Spark that gives a skill hint for ""Unyielding Spirit""."
2010801,4,Speed Eater,"A Spark that gives a skill hint for ""Speed Eater""."
2010901,4,Opening Gambit,"A Spark that gives a skill hint for ""Opening Gambit""."
2011001,4,Medium Straightaways ○,"A Spark that gives a skill hint for ""Medium Straightaways ○""."
2011101,4,Medium Corners ○,"A Spark that gives a skill hint for ""Medium Corners ○""."
2011201,4,Hawkeye,"A Spark that gives a skill hint for ""Hawkeye""."
2011301,4,Thunderbolt Step,"A Spark that gives a skill hint for ""Thunderbolt Step""."
2011401,4,Soft Step,"A Spark that gives a skill hint for ""Soft Step""."
2011501,4,Tether,"A Spark that gives a skill hint for ""Tether""."
2011601,4,Murmur,"A Spark that gives a skill hint for ""Murmur""."
2011701,4,Long Straightaways ○,"A Spark that gives a skill hint for ""Long Straightaways ○""."
2011801,4,Long Corners ○,"A Spark that gives a skill hint for ""Long Corners ○""."
2011901,4,Keeping the Lead,"A Spark that gives a skill hint for ""Keeping the Lead""."
2012001,4,Passing Pro,"A Spark that gives a skill hint for ""Passing Pro""."
2012101,4,Pressure,"A Spark that gives a skill hint for ""Pressure""."
2012201,4,Stamina Eater,"A Spark that gives a skill hint for ""Stamina Eater""."
2012301,4,Smoke Screen,"A Spark that gives a skill hint for ""Smoke Screen""."
2012401,4,Front Runner Straightaways ○,"A Spark that gives a skill hint for ""Front Runner Straightaways ○""."
2012501,4,Front Runner Corners ○,"A Spark that gives a skill hint for ""Front Runner Corners ○""."
2012601,4,Dodging Danger,"A Spark that gives a skill hint for ""Dodging Danger""."
2012701,4,Leader's Pride,"A Spark that gives a skill hint for ""Leader's Pride""."
2012801,4,Moxie,"A Spark that gives a skill hint for ""Moxie""."
2012901,4,Second Wind,"A Spark that gives a skill hint for ""Second Wind""."
2013001,4,Restart,"A Spark that gives a skill hint for ""Restart""."
2013101,4,Pace Chaser Straightaways ○,"A Spark that gives a skill hint for ""Pace Chaser Straightaways ○""."
2013201,4,Pace Chaser Corners ○,"A Spark that gives a skill hint for ""Pace Chaser Corners ○""."
2013301,4,Shrewd Step,"A Spark that gives a skill hint for ""Shrewd Step""."
2013401,4,Straight Descent,"A Spark that gives a skill hint for ""Straight Descent""."
2013501,4,Hydrate,"A Spark that gives a skill hint for ""Hydrate""."
2013601,4,Tactical Tweak,"A Spark that gives a skill hint for ""Tactical Tweak""."
2013701,4,Disorient,"A Spark that gives a skill hint for ""Disorient""."
2013801,4,Late Surger Straightaways ○,"A Spark that gives a skill hint for ""Late Surger Straightaways ○""."
2013901,4,Late Surger Corners ○,"A Spark that gives a skill hint for ""Late Surger Corners ○""."
2014001,4,Fighter,"A Spark that gives a skill hint for ""Fighter""."
2014101,4,"1,500,000 CC","A Spark that gives a skill hint for ""1,500,000 CC""."
2014201,4,A Small Breather,"A Spark that gives a skill hint for ""A Small Breather""."
2014301,4,Studious,"A Spark that gives a skill hint for ""Studious""."
2014401,4,Sharp Gaze,"A Spark that gives a skill hint for ""Sharp Gaze""."
2014501,4,End Closer Straightaways ○,"A Spark that gives a skill hint for ""End Closer Straightaways ○""."
2014601,4,End Closer Corners ○,"A Spark that gives a skill hint for ""End Closer Corners ○""."
2014701,4,I Can See Right Through You,"A Spark that gives a skill hint for ""I Can See Right Through You""."
2014801,4,After-School Stroll,"A Spark that gives a skill hint for ""After-School Stroll""."
2014901,4,Levelheaded,"A Spark that gives a skill hint for ""Levelheaded""."
2015001,4,Strategist,"A Spark that gives a skill hint for ""Strategist""."
2015101,4,Intense Gaze,"A Spark that gives a skill hint for ""Intense Gaze""."
2015201,4,Front Runner Savvy ○,"A Spark that gives a skill hint for ""Front Runner Savvy ○""."
2015301,4,Pace Chaser Savvy ○,"A Spark that gives a skill hint for ""Pace Chaser Savvy ○""."
2015401,4,Late Surger Savvy ○,"A Spark that gives a skill hint for ""Late Surger Savvy ○""."
2015501,4,End Closer Savvy ○,"A Spark that gives a skill hint for ""End Closer Savvy ○""."
2015601,4,Lucky Seven,"A Spark that gives a skill hint for ""Lucky Seven""."
2015701,4,Triple 7s,"A Spark that gives a skill hint for ""Triple 7s""."
2015801,4,Highlander,"A Spark that gives a skill hint for ""Highlander""."
2015901,4,Uma Stan,"A Spark that gives a skill hint for ""Uma Stan""."
2016001,4,Groundwork,"A Spark that gives a skill hint for ""Groundwork""."
2016101,4,Tail Held High,"A Spark that gives a skill hint for ""Tail Held High""."
2016201,4,Shake It Out,"A Spark that gives a skill hint for ""Shake It Out""."
2016301,4,Sympathy,"A Spark that gives a skill hint for ""Sympathy""."
2016401,4,Lone Wolf,"A Spark that gives a skill hint for ""Lone Wolf""."
2016501,4,Slipstream,"A Spark that gives a skill hint for ""Slipstream""."
2016601,4,Playtime's Over!,"A Spark that gives a skill hint for ""Playtime's Over!""."
1000101,5,February S.,"A Spark that increases Power and gives a skill hint for ""Winter Runner ○""."
1000201,5,Takamatsunomiya Kinen,"A Spark that increases Speed and gives a skill hint for ""Chukyo Racecourse ○""."
1000301,5,Osaka Hai,"A Spark that increases Guts and gives a skill hint for ""Standard Distance ○""."
1000401,5,Oka Sho,"A Spark that increases Guts and gives a skill hint for ""Hanshin Racecourse ○""."
1000501,5,Satsuki Sho,"A Spark that increases Power and gives a skill hint for ""Nakayama Racecourse ○""."
1000601,5,Tenno Sho (Spring),"A Spark that increases Stamina and gives a skill hint for ""Spring Runner ○""."
1000701,5,NHK Mile C.,A Spark that increases Speed and Power.
1000801,5,Victoria Mile,A Spark that increases Speed and Power.
1000901,5,Japanese Oaks,"A Spark that increases Stamina and gives a skill hint for ""Tokyo Racecourse ○""."
1001001,5,Japanese Derby,"A Spark that increases Guts and gives a skill hint for ""Tokyo Racecourse ○""."
1001101,5,Yasuda Kinen,"A Spark that increases Speed and gives a skill hint for ""Tokyo Racecourse ○""."
1001201,5,Takarazuka Kinen,"A Spark that increases Guts and gives a skill hint for ""Summer Runner ○""."
1001301,5,Sprinters S.,"A Spark that increases Speed and gives a skill hint for ""Standard Distance ○""."
1001401,5,Shuka Sho,"A Spark that increases Wit and gives a skill hint for ""Kyoto Racecourse ○""."
1001501,5,Kikuka Sho,"A Spark that increases Stamina and gives a skill hint for ""Kyoto Racecourse ○""."
1001601,5,Tenno Sho (Autumn),"A Spark that increases Speed and gives a skill hint for ""Fall Runner ○""."
1001701,5,Queen Elizabeth II Cup,"A Spark that increases Stamina and gives a skill hint for ""Non-Standard Distance ○""."
1001801,5,Mile Ch.,"A Spark that increases Speed and gives a skill hint for ""Standard Distance ○""."
1001901,5,Japan C.,"A Spark that increases Stamina and gives a skill hint for ""Tokyo Racecourse ○""."
1002001,5,Champions C.,"A Spark that increases Power and gives a skill hint for ""Chukyo Racecourse ○""."
1002101,5,Hanshin J.F.,A Spark that increases Speed and Power.
1002201,5,Asahi Hai F.S.,A Spark that increases Speed and Guts.
1002301,5,Arima Kinen,"A Spark that increases Guts and gives a skill hint for ""Nakayama Racecourse ○""."
1002401,5,Hopeful S.,A Spark that increases Speed and Stamina.
1002501,5,Teio Sho,"A Spark that increases Power and gives a skill hint for ""Oi Racecourse ○""."
1002601,5,J.D. Derby,"A Spark that increases Power and gives a skill hint for ""Oi Racecourse ○""."
1002701,5,JBC L. Classic,A Spark that increases Speed and Guts.
1002801,5,JBC Sprint,A Spark that increases Power and Guts.
1002901,5,JBC Classic,A Spark that increases Stamina and Guts.
1003001,5,Tokyo Daishoten,"A Spark that increases Power and gives a skill hint for ""Oi Racecourse ○""."
3000101,6,URA Finale,A Spark that increases Speed and Stamina.